"word","freq"
"^ㅅ^ㅂ",1
"^ㅎ",1
"^ㅎ^ㅎ",1
"00",1
"01",3
"02",4
"03",3
"04",2
"05",4
"06",3
"07",6
"08",23
"09",19
"0912",1
"10",40
"100",4
"100분토론",4
"101",2
"102",2
"103",2
"104",1
"105",1
"109",1
"10억",1
"11",11
"113",1
"11월17일",1
"12",6
"125",1
"126",1
"127",1
"128",1
"129",1
"13",9
"130",2
"131",1
"132",1
"137화",1
"138화",1
"14",12
"149화",1
"15",18
"150",2
"16",6
"160cm",1
"17",12
"178화",1
"18",11
"181114",1
"182화",1
"183화",1
"187",1
"189화",1
"19",5
"193화",1
"1실점",1
"1심",1
"20",26
"20081",1
"20082",1
"20090",1
"20091",1
"2014",1
"2020",63
"20200902",1
"2021",18
"2022",1
"2024",1
"21",7
"210111",1
"210120",1
"210216",1
"210505",1
"210513",1
"210519",1
"211",1
"213화",1
"218",1
"219화",1
"22",2
"221",1
"222",1
"225화",1
"228",1
"23",3
"232화",1
"233",1
"24",6
"245화",1
"246화",1
"25",5
"254화",1
"26",7
"27",4
"28",5
"29",1
"29전당대회",1
"2부작",2
"2연패",1
"30",7
"3000",1
"3080",1
"309",1
"30대",1
"31",8
"34",1
"3600",1
"3관왕",2
"3단계",1
"3단계격상",1
"3단계는",1
"3등정당",1
"40",2
"41",1
"42",2
"43",1
"44",1
"441",1
"48",1
"49화",1
"4골",1
"4대강",6
"4대강사업",1
"4인가족",1
"4지선다",1
"4차한류",1
"50",1
"500",1
"5단계",1
"60",2
"7000Km",1
"75",1
"771l7",1
"78",1
"7만전자",1
"7월말이후",1
"815",1
"883",1
"884",1
"885",1
"8탈삼진",1
"90",1
"92",1
"95",1
"99",1
"9월10일",1
"9월4일",1
"9월7일",1
"9월8일",2
"AI",1
"and",1
"as",1
"ASMR",1
"BBC",1
"between",1
"Bide",1
"BTS",17
"CCTV",1
"CHOSUN",1
"CPU",1
"Debate",1
"Donald",1
"Dynamite",1
"ENG",2
"Entertainer",2
"envoys",1
"EP",5
"feat",1
"Fi",1
"First",1
"Full",1
"FULL",20
"GDP",1
"GO",1
"IBM",1
"ICBM",1
"ICIJ",1
"Joe",1
"JP",1
"JTBC",8
"Kalguksu",1
"KBS",16
"KBS_202회_2021",1
"KBS_203회_2021",1
"KBS_214회_2021",1
"KBS_215회_2021",1
"KBS_220회_2021",1
"KBS_223회_2021",1
"KBS_224회_2021",1
"KBS_225회_2021",1
"KBS_226회_2021",1
"KBS_229회_2021",1
"KBS_232회_2021",1
"KBS_233회_2021",1
"KBS_235회_2021",1
"KBS_236회_2021",1
"KBS_237회_2021",1
"KBS_238회_2021",1
"KBS_241회_2021",1
"KBS뉴스특",1
"KF",2
"KFX",2
"korea",8
"Korean",1
"LIV",2
"LIVE",1
"MB",2
"MBC",4
"MBC200630방",1
"MBC210116방",1
"MBC210202방",1
"MBC210427방",1
"MBC210504방",1
"MBC210911방",1
"MBC210925방",1
"MBC211113방",1
"MBN",9
"Meeting",1
"Moment",1
"MUKBAN",1
"mushroom",1
"My",1
"nation",1
"New",4
"News",1
"Nightlin",1
"NO",1
"of",1
"Of",1
"OK",1
"OO",2
"Part",1
"partners",1
"PD",7
"Performs",1
"Pick",2
"PM",1
"president",1
"President",1
"presidential",1
"Presidential",1
"REAL",1
"RM",1
"RNB",3
"RTX",1
"SBS",1
"SDG",1
"Shiitake",1
"SNS",5
"SOUND",1
"special",1
"Tangsuyuk",1
"the",2
"The",1
"TIME",1
"TMA",2
"Trump",1
"TSMC",2
"TV",3
"VOA",7
"vs",10
"VS",4
"Way",1
"Wi",1
"with",1
"Yea",2
"Yonhapnew",3
"YonhapnewsT",3
"YT",6
"YTN",11
"ติ๊ก",1
"บิ๊กบราเธอร์",1
"ศรราม",1
"สุดทนถูกเจ้าหนี้ทวงเงินถึงบ้าน",1
"สุดทางรัก",1
"หนุ่ม",1
"หย่า",1
"가구",1
"가난",1
"가능",2
"가능성",3
"가로세로",1
"가로수",1
"가매",1
"가브리엘",1
"가상",1
"가속",1
"가수",2
"가족",1
"가족장",1
"가치주",1
"각오",1
"간담",1
"간사",1
"갈건",1
"갈등",2
"갈라치기",1
"감당",1
"감독",3
"감수",1
"감염",1
"강국",2
"강남",2
"강력",2
"강세장",1
"강연",1
"강요",1
"강점기",1
"강창일",1
"강풍",1
"강행",1
"개망신",1
"개무시",1
"개미",3
"개선",1
"개신교",1
"개신교계",1
"개월",1
"개입",2
"개학",1
"개혁",1
"개회식",1
"갭투자",1
"갱단",1
"거기",1
"거덜",1
"거래액",1
"거리",1
"거부",3
"거짓말",3
"거짓ㅣ짧은",1
"건물주",1
"걸그룹",1
"걸렸",1
"검거",1
"검사",4
"검언유착",1
"검찰",6
"검토",1
"게시",1
"게임",1
"격노",1
"격리",2
"결단",1
"결론",1
"결사대",1
"결승전",1
"결심",1
"결의",1
"결정",3
"결탁",1
"결혼식",2
"경기",2
"경기도",1
"경기도지사",1
"경기회복",1
"경매",1
"경선",1
"경악",1
"경애",2
"경영",2
"경제",6
"경제수석",1
"경제전쟁",2
"경질",1
"경찰",12
"경찰조사",1
"계속",2
"계엄령",1
"계획",2
"고3",2
"고X정",1
"고가",1
"고개",2
"고기",1
"고립",1
"고민",2
"고발",2
"고발뉴스",5
"고백",1
"고상지",1
"고성",3
"고소",1
"고위급",1
"고의",2
"고조",1
"고추장",1
"고통",1
"고혈압",1
"골든",1
"곳곳",2
"공개",11
"공격",5
"공공",4
"공급",1
"공동",1
"공략주",1
"공무원",4
"공방",2
"공방전",1
"공범",1
"공산당",1
"공유",1
"공익",1
"공작",1
"공장",20
"공정도",1
"공청회",1
"공포",3
"공표",1
"공학",1
"공항",1
"과수원",1
"과정",1
"관계자",1
"관련",4
"관련자",1
"관리",1
"관심",3
"광끼",1
"광복",1
"광복절",3
"광신",1
"광야",1
"광장",2
"광주",1
"광풍",2
"광화문",15
"굉장",1
"교도소",1
"교묘",1
"교수",1
"교육",1
"교회",9
"구금",1
"구멍",2
"구속",2
"국가",2
"국가고시",2
"국군",1
"국내",1
"국면",1
"국무부",1
"국민",11
"국민대회",3
"국방부",5
"국산",1
"국시",4
"국악",1
"국의",3
"국정",2
"국토",1
"국회",4
"국회의원",3
"국힘당",1
"국힘당에",1
"국힘당은",1
"군대",1
"군부",1
"군사작전",1
"군사쿠데타",1
"군인",1
"궁금",1
"궁달",1
"권력",1
"권성동",1
"권영",1
"권익",1
"권총",1
"궤변",2
"귀결",1
"귀국",2
"귀촌",2
"규정",1
"그것",1
"그날",1
"그녀",2
"그동안",1
"그때",1
"그래픽카드",1
"그레이스박",1
"그림",1
"그림자ㅣ다큐시선",1
"그알",2
"극복",1
"극우",3
"극찬",1
"근무",1
"근접",1
"글래스고",1
"글로벌",10
"금리상승",1
"금메달",1
"금요일",1
"금융",1
"금융당국",1
"금지령",1
"급락",1
"급변",1
"급소",1
"기간",1
"기관",3
"기념",2
"기대",1
"기동타격대",1
"기록",1
"기모",3
"기본",1
"기부",1
"기분",1
"기상",1
"기생충",1
"기성용",1
"기소",1
"기술주",1
"기업",1
"기자",1
"기자9",1
"기자회",1
"기자회견",2
"기조",1
"기회",5
"기획",4
"기후",3
"긴급",5
"긴박",1
"긴장",3
"김PD",1
"김감",1
"김경래",2
"김경률문팬",1
"김경수",2
"김경일",1
"김광일",4
"김근태",2
"김기현",5
"김남국",1
"김다현",3
"김동길TV",3
"김동석",1
"김동원",1
"김동환",2
"김문수",1
"김민웅촛불시민",1
"김병민",2
"김봉곤",1
"김부겸",1
"김성주",2
"김성회",2
"김수",1
"김순호",1
"김승",1
"김아람",1
"김약",1
"김양희",1
"김어준",38
"김여정",1
"김연경",3
"김영록",1
"김영춘",1
"김용관",1
"김용민",2
"김원",1
"김은배",2
"김이",3
"김재련",2
"김정",1
"김정은",3
"김정환",3
"김종래",3
"김종민",2
"김종인",4
"김종철",1
"김주영",1
"김준형",1
"김지석",1
"김지은",1
"김진애",4
"김진홍",1
"김태연",1
"김태흠",1
"김평",1
"김한규",2
"김현미",1
"김현정",16
"김형동",1
"김호중",1
"김홍걸",1
"김홍국",1
"김훈",1
"깔끔",1
"깜짝놀라버",1
"깜짝놀란",1
"꼼찰청장",1
"꼼찰청창",1
"꽃다발",1
"꿀먹은",1
"끔찍",1
"끝장",1
"나경원",3
"나노",2
"나라",1
"나무",1
"나훈",1
"나훈아",2
"난리",1
"난리났다",2
"난민",1
"난수표",1
"난장판",1
"남매",1
"남북",2
"남아공",1
"남유럽",1
"남편",3
"납치",1
"내년",2
"내놨다",1
"내돈내산",1
"내부",1
"내손안의Q",1
"내시",3
"내역",1
"내일",1
"넘었",1
"네이버",3
"넥타이",1
"년생",1
"노근",1
"노노",1
"노래",1
"노숙인",1
"노숙자",1
"노조",1
"노출",1
"노트",9
"녹음",1
"녹취",1
"녹취록",4
"논란",6
"논문",1
"논평",2
"농성",1
"뇌물",1
"누구",7
"누굴",1
"누락",3
"누리",1
"눈덩이",1
"눈마주친",1
"눈치",1
"뉴딜",1
"뉴스",106
"뉴스9",2
"뉴스A",3
"뉴스데스크",2
"뉴스룸",1
"뉴스타",5
"뉴스타운T",1
"뉴스타파",2
"뉴스투데이",1
"느타리",1
"니콜",1
"다녀왔습니",1
"다맞춘",1
"다반",2
"다스뵈이다",8
"다시",5
"다음",1
"다이너마이트",1
"다주",1
"단독",7
"단속",2
"단체",2
"단톡방",1
"달콤한",1
"담대",2
"답변",3
"당국",1
"당당",1
"당선",1
"당신",1
"당신의매수매도는어느누구도책임지지않습니",5
"당원",1
"당의",1
"당직",2
"당직병",1
"당한",3
"대구",1
"대군",1
"대권",1
"대권후보",1
"대기업",1
"대답",1
"대동",1
"대령",2
"대륙",1
"대만",1
"대망",1
"대박",1
"대반란",1
"대반전",3
"대법원",1
"대부",1
"대비",1
"대사관",1
"대상",1
"대선",1
"대설",1
"대성공",1
"대신",2
"대위",2
"대이동",1
"대장",1
"대전",1
"대정",1
"대책",2
"대치",1
"대통령",17
"대통령의",3
"대폭",1
"대표",5
"대표팀",1
"대학생",4
"대한민국",4
"대형",1
"대형주",1
"대홍수",2
"더부",1
"더불어민주당",1
"더불어민주당당대표",1
"덕후",1
"도망",2
"도발",1
"도시",1
"도이치",1
"도전",2
"도주",1
"도쿄올림픽",3
"독감",1
"독재",6
"돌려쓰기",1
"돌발",4
"돌파",1
"동거",1
"동구리",1
"동기",2
"동반",1
"동부",3
"동석",1
"동아일보",1
"동안",1
"동요",1
"동원",1
"동쪽",1
"동포",1
"동학",1
"동해",1
"동화",1
"두기",1
"뒤집어졌",1
"뒤통수",1
"뒷담",1
"뒷모습",1
"뒷조사",1
"드래곤",1
"드루",1
"들이",6
"등장",1
"디지털",1
"따뜻",1
"때려",1
"때문",1
"뚜껑",1
"뜻밖",1
"라디",3
"라면",1
"라운지",1
"라이",4
"라이브",8
"라이브_364일차_0818",1
"라이브_373일차_0901",1
"라인업",1
"란의",1
"랠리",1
"랭킹",3
"러시아",1
"럭키",1
"레임덕",1
"레지스탕스TV",3
"로비",1
"로운",1
"롯데칠성",1
"루이스",1
"류밀",10
"류현진",2
"리고",1
"리딩",1
"리병",2
"리뷰",1
"리얼",2
"리포트",7
"리허설",1
"마녀",1
"마담",1
"마련",1
"마루",1
"마무리",1
"마스크",1
"마을",1
"마음",3
"마이",6
"마이크",1
"마지막",4
"마케팅",1
"만루",3
"만큼",1
"망치",1
"매도",1
"매미",1
"매수",3
"매일경제T",5
"맥가이",1
"맹구",1
"머니",14
"먹방",1
"먹자",1
"먼동",1
"멍완저우",1
"메리츠",2
"메세지",2
"메시",1
"메시지",1
"멱살",1
"면세점",1
"명문",1
"명월",1
"명쾌",3
"모닝",6
"모리셔스",1
"모습",1
"모정",1
"모터스",1
"모텔",1
"목격",2
"목격자",3
"목사",10
"목숨",1
"목요일",1
"목표",2
"몰빵",1
"몰수",1
"몸싸움",1
"못꺼내면서",1
"무단",2
"무대",2
"무릎",1
"무명",1
"무엇",2
"무의미",1
"무차별",1
"무한책임",1
"무효",1
"문독",1
"문워크",1
"문재인",17
"문제",2
"문화",2
"뭉치",1
"뭐길래",1
"뭔데",1
"뮬란",1
"미국",10
"미국은",3
"미군",1
"미래",6
"미래세대",2
"미방",1
"미복귀",1
"미스터리",1
"미얀마",3
"미중",1
"미증",1
"미투",1
"미팅",1
"민감",1
"민경욱",1
"민우",1
"민원실",1
"민원장",1
"민의",6
"민주",1
"민주당",7
"민주화",1
"믿으세요",1
"바다",1
"바라",3
"바람",1
"바비",5
"바이러스",1
"박근혜",1
"박노자",1
"박덕흠",4
"박동희",2
"박문성",2
"박범계",5
"박사",1
"박살",1
"박상혁",1
"박성",2
"박세",5
"박수",1
"박스권",1
"박시",5
"박영선",1
"박용진",3
"박원석",1
"박원순",1
"박재호",1
"박정",1
"박지선",1
"박지현",1
"박지훈",1
"박진",1
"박창근",1
"박창진",2
"박현주",2
"박형수",1
"반대",2
"반도체",5
"반등",1
"반박",1
"반성문",1
"반응",6
"반정부",1
"반타",1
"반포",1
"발끈한",1
"발언",3
"발언자",1
"발의",1
"발전",1
"발칵뒤집",1
"발탁",1
"발표",6
"발효",1
"방법",1
"방송",9
"방시혁",1
"방심",1
"방어",2
"방역",7
"방역복",1
"방출",1
"방치",1
"방탄소년단",5
"방향",1
"방화",1
"배경",1
"배구",2
"배근",2
"배상",2
"배상금",1
"배진",1
"배터리",3
"배후",2
"백범",1
"백서VS흑서",1
"백성",1
"버섯",1
"버전",6
"번복",1
"번째",3
"범인",2
"법대",1
"법무부",2
"법무부장관",1
"법보",1
"법사위원장",1
"법안",1
"법안심의",1
"법원",2
"법치",1
"벙어리",1
"베르토",1
"베스트",1
"베트남",2
"변상욱",1
"변신",1
"변이",1
"변절",1
"변호",1
"변호사",3
"변화",1
"별세",1
"병무청장",1
"병실",2
"병역",2
"보건복지부",1
"보건의료",1
"보고",2
"보기",5
"보라",1
"보수",3
"보유자",1
"보이스트",1
"보이콧",1
"보좌관",2
"보좌진",1
"보직",1
"보호관찰",1
"복귀",2
"복수",1
"복지부",1
"본문",1
"본부",2
"본부장",3
"본인",2
"본회의장",1
"부대",1
"부동산",3
"부리",1
"부모",2
"부부",1
"부분",1
"부비",2
"부사",1
"부산",3
"부산MBC제",2
"부상",1
"부자",2
"부장",1
"부적합",1
"부정선거",1
"부질",1
"부채",1
"부패",1
"북상",1
"북한",4
"분노",3
"분산투자100종목vs우량주3종목",1
"분서갱유",1
"분석",3
"분야",1
"분자",1
"분할",1
"불가능",2
"불길",1
"불륜",3
"불법",2
"불법집회",1
"불안",1
"불안감",1
"불행",1
"브리",1
"브리핑",1
"블랙",1
"비공개",1
"비대",2
"비디오",5
"비밀",10
"비바람",1
"비살상탄",1
"비중",1
"비평",6
"비혼모",1
"빈라덴",1
"빈소",1
"빌보드",1
"빗발",1
"빚투청춘보고서",1
"빡치",1
"빤스",1
"빤쓰",1
"빨간불",1
"빵터졌다",1
"빼도박도",1
"뻘쭘하지",1
"뼈때리는",1
"사건",6
"사과",5
"사라졌",1
"사람",2
"사랑",3
"사망",6
"사망자",2
"사상",2
"사상초유",1
"사실",3
"사실상",1
"사업",1
"사용",1
"사원",1
"사유리",1
"사유화",1
"사이",2
"사이클",1
"사절",1
"사태",1
"사퇴",4
"사회",2
"사회적",1
"산불",1
"산업",1
"살인",1
"살인사건",1
"살해",1
"삼성",2
"삼성그룹",1
"삼성전자",8
"삼성전자ᆞ현대차에",1
"삼성ᆞ현대차가",1
"삼전동",1
"삼프로TV",1
"샀다",1
"상견례",1
"상담",1
"상륙",2
"상소문",2
"상승",3
"상실",1
"상위",1
"상처",1
"상황",5
"상황실",1
"새벽",1
"생각",3
"생방",10
"생방송",5
"생수",1
"생일",2
"생존",1
"생중",1
"생활",2
"서울",1
"서울시",1
"서울시장",2
"서정욱",1
"석방",1
"선물",1
"선발",1
"선별",1
"선수단",1
"선언",2
"선우",1
"선택",3
"설계자",1
"설치",1
"설훈",1
"성격",2
"성공",4
"성교육",1
"성동구",1
"성숙",1
"성장주",3
"세계",3
"세력",3
"세상",1
"세입자",2
"셋째",1
"소감",1
"소동",1
"소득",1
"소름",2
"소리",1
"소비",1
"소식",1
"소환",1
"속보",6
"속보2",1
"손C대",2
"손님",1
"손영래",2
"손정민",12
"손해",1
"손흥민",2
"솔루션",1
"솔직",1
"송명",1
"송석준",1
"송종",1
"송종현",1
"수능",1
"수단",1
"수도권",1
"수박먹던",1
"수사",10
"수상",3
"수여식",1
"수요일",3
"수원",1
"수주",2
"수준",1
"수질",1
"수천억",1
"수첩",7
"수퍼",1
"수해복구",1
"수험생",1
"숙명",1
"숙의",1
"순교",2
"순국",1
"술먹방2일째",1
"숨통",1
"쉴드",1
"슈퍼",2
"슛오프",1
"스마트",1
"스모킹",2
"스무",1
"스브스뉴",3
"스타렉스",1
"스타일",1
"스트레이트",4
"스티브",2
"스파",1
"스페셜",1
"슬기",1
"승리",1
"승부",1
"승수",1
"승인",1
"승진",1
"승호",1
"시간",7
"시골",2
"시늉",1
"시대",1
"시동",3
"시리즈",1
"시무",2
"시뮬레이터",1
"시민",2
"시사",9
"시사타파tv",1
"시속",1
"시스템",1
"시위",1
"시인",1
"시장",3
"시절",1
"시제기",1
"시즌",2
"시즌2",1
"시진핑",1
"시청자",2
"시총",1
"시험",1
"시험비행",1
"신경",1
"신고",2
"신동",1
"신동근",1
"신모",1
"신문",1
"신발",2
"신선미",1
"신설",1
"신원",5
"신유",1
"신의한수",14
"신임",2
"신장",3
"신조어",1
"신통",1
"신형",1
"실명",1
"실세",1
"실수",1
"실시간",4
"실적",1
"실정",1
"실종",6
"실체",1
"실패했",1
"실화",8
"실화On",5
"실화Pick",4
"실황",2
"심각",2
"심야",2
"심장",1
"심층분석",1
"싱글",1
"싸꼰_LIVE",2
"싸움났다",1
"싼샤",1
"쌍둥이",1
"아기",1
"아들",23
"아미",1
"아버지",5
"아베",3
"아비규환",1
"아웃",1
"아이",1
"아이티",2
"아찔",2
"아침",2
"아카데미",1
"아파",1
"아파트",4
"아프간",2
"악수",1
"악화",2
"안거",1
"안나",1
"안동MB",1
"안민석",2
"안부",1
"안산",1
"안산시민",1
"안익태",1
"안전",1
"안중",1
"안중근",2
"안줘도",1
"안진",1
"안철수",2
"알리바이",1
"알림설정",1
"암살",1
"압박",1
"압살",1
"압수수색",1
"앞차",1
"애국",1
"애플",1
"액면",1
"앨범",1
"앵그리",1
"야구",1
"야비",1
"약대",1
"약속",1
"약탈",1
"양궁",2
"양극화",1
"양념",1
"양모",1
"양성",1
"양승조",2
"양육비",1
"양주",1
"양지",2
"양쯔강",1
"어머니",3
"어제",1
"어처구니",1
"어택",3
"억울",1
"억지",1
"언급",2
"언론",5
"언제",2
"얼굴",2
"얼마",1
"엄마",4
"엄중",1
"엄지척",1
"업무",2
"업적",1
"없습니",1
"에서",1
"에프앤이노에듀",1
"여고",1
"여고생",1
"여럿",1
"여론",2
"여성",1
"여우",1
"여자",1
"여정",1
"여행",1
"역대",1
"역린",1
"역사",2
"역사상",1
"역술가",1
"역전",1
"연구소",1
"연금",1
"연대장",1
"연례",1
"연봉5억",1
"연설",3
"연속",1
"연장",2
"연합뉴스",3
"연합뉴스TV",3
"열광",1
"열병식",1
"열풍",1
"염블리",9
"염블리가",2
"염승",18
"염승환ㅡ남들은",1
"염태영",2
"영결식",1
"영농",1
"영면",1
"영상",28
"영수회담",1
"영업",1
"영웅",1
"영의",2
"영철",2
"영탁vs예천양조",1
"영향",1
"예방",1
"예비",1
"예상",2
"예약",1
"예우",1
"예찬",1
"예측",3
"오늘",4
"오리지널",1
"오목",1
"오미크론",1
"오수정",1
"오아시스",1
"오염수",1
"오전",5
"오징어",1
"오후",2
"온가족",1
"온라인",1
"온마",3
"올림픽",1
"올해",1
"올해안",1
"옮겨붙을까",1
"와이",1
"와중",2
"완벽",2
"완전",1
"완치",1
"완화",1
"왜이",1
"왜이러지왜이러지",1
"외국",6
"외신기자",1
"요구",1
"용산",1
"우금",1
"우동",1
"우리",4
"우상호",1
"우주",1
"우파",1
"운명",1
"울먹",1
"웃음",2
"원금",4
"원망",1
"원인",1
"원주민",1
"원천무효",1
"원희룡",2
"월급",1
"월급빼서",1
"월달",1
"월북",1
"월선",1
"월세",1
"월요일",4
"위기",2
"위력",2
"위반",2
"위원",1
"위원장",2
"유감",1
"유노윤호",1
"유러피안",1
"유사",1
"유승안",1
"유언장",1
"유엔",1
"유인태",1
"유지",1
"유출",1
"유키",1
"유튜버",1
"육성",2
"윤건영",1
"윤미향",3
"윤석열",9
"윤석열과",1
"윤석열이",1
"윤성은",1
"윤여정",1
"윤영찬",1
"윤영찬과",1
"윤창",1
"윤태호",1
"윤호중",1
"윤화섭",1
"윤희",1
"은닉",1
"은폐",1
"을왕리",2
"음식",1
"음악",1
"음압",1
"응시",1
"의대",2
"의대생",3
"의도",1
"의료계",3
"의문",2
"의사",10
"의사협회",3
"의심",1
"의원",11
"의협",3
"의혹",7
"의혹제기1",1
"이강인",1
"이거",1
"이건희",4
"이게아닌데",1
"이낙연",5
"이닝",1
"이다영",1
"이동",1
"이동원",1
"이럴",1
"이롭",1
"이름",1
"이명박",2
"이번",1
"이번주유독떨리네요",1
"이부",1
"이부진",1
"이상직",1
"이상한",1
"이상호",2
"이상훈",1
"이송",1
"이순철",1
"이슈",5
"이슈워치",1
"이승",1
"이야기",6
"이에",1
"이영주",1
"이요",1
"이용",1
"이유",10
"이유진",1
"이은재",1
"이인영",1
"이재갑",3
"이재명",8
"이재영",1
"이재용",1
"이정현",2
"이정환",1
"이주민",1
"이준석",2
"이철원",1
"이철희",1
"이태규",1
"이택수",2
"이틀",2
"이항",1
"이해",1
"이해찬",1
"이현진",1
"이호승",2
"이효리",1
"이후",1
"이희수",1
"익사",1
"인도",3
"인물",1
"인사",1
"인생",1
"인천",1
"인터뷰",6
"인파",1
"인피니트",1
"인피니티투자",2
"일가",1
"일반사병",1
"일본",10
"일제",1
"일종",1
"일침",2
"일파만파",1
"임대",1
"임명",1
"임명장",3
"임영",1
"임은",1
"임재",1
"임질",1
"입수",6
"입양",1
"입장",2
"자금줄",1
"자기도취",1
"자동차",1
"자리",1
"자막",1
"자문",2
"자발적",1
"자산",2
"자산운용",2
"자살",2
"자수",1
"자승자박",1
"자연",1
"자영업",1
"자영업자",1
"자유",2
"자이",1
"자이앤트",7
"자이앤트T",1
"작렬",1
"작업",1
"작전",2
"잔꾀",1
"잔치",1
"잘못",1
"잠이나vs검찰개혁",1
"잠적",1
"잡스",1
"잡식",3
"잡았",1
"장관",16
"장녀",1
"장면",1
"장모",1
"장병",1
"장성",1
"장세",3
"장영",1
"장용진",2
"재구성",1
"재난",4
"재난지",6
"재무부",1
"재산",3
"재수감",1
"재시험",1
"재테크",1
"재판",2
"쟁패",1
"저격",2
"저널",4
"적격",1
"전격",5
"전공",2
"전광훈",26
"전국",2
"전국민",2
"전기",2
"전남편",1
"전대",1
"전락",1
"전략",1
"전무",5
"전문",1
"전문가",3
"전반부",4
"전복",1
"전북",2
"전세",1
"전세계",2
"전역",1
"전자상가",1
"전장",1
"전쟁",3
"전주혜",1
"전투",1
"전투기",2
"전화",9
"절친",1
"접근",2
"접수",1
"접전",1
"접촉자",1
"정강정책",1
"정경",1
"정광용T",3
"정국",3
"정권",5
"정규",1
"정규재",23
"정도",1
"정론",4
"정리",4
"정면",1
"정면충돌",1
"정민",1
"정부",4
"정상",2
"정상회담",1
"정세균",2
"정영",1
"정우성",1
"정은경",6
"정의당",2
"정인",2
"정준희",1
"정찰기",1
"정책",1
"정청래",3
"정치",23
"정치권",1
"정치인",1
"정치자금법",1
"정형",1
"정황",1
"제1회",1
"제72주년",1
"제8호",1
"제명",2
"제보",4
"제보자",4
"제안",2
"제이홉",1
"제일",3
"제출",1
"제한",2
"조국",5
"조명",1
"조문",1
"조병학",1
"조선일보",2
"조수진",5
"조연상",1
"조용",1
"조우",1
"조은",2
"조작",2
"조정",2
"조정장",1
"조해진",1
"조희연",1
"존경",1
"존슨",1
"존재",1
"좀^ㅋ",1
"종간나",1
"종교",2
"종목",4
"종합",1
"죄송",3
"주년",3
"주님저도갑니다",1
"주라",1
"주목",2
"주민",4
"주식",5
"주식영끌",1
"주식왕",5
"주영",1
"주옥순TV",1
"주의",2
"주인",1
"주장",1
"주저",1
"주점",1
"주제",1
"주진우",3
"주차장",1
"주호영",8
"주ㅣ웃으며",1
"죽였",1
"죽음",1
"준비",3
"준우승",1
"준전문가",1
"중국",5
"중단",1
"중대",1
"중령",1
"중심",2
"중요",1
"중헌",2
"증거",1
"증거인멸",1
"증권",1
"증시",4
"증언",1
"증원",1
"지검",3
"지금",4
"지급",3
"지도",1
"지도자",1
"지드래곤",1
"지사",1
"지속",1
"지속가능",1
"지시",1
"지역",2
"지오다노",1
"지옥",1
"지원",2
"지원단",1
"지지율",5
"지지자",1
"지하철",1
"직격",1
"직격했나",1
"직구",3
"진격",1
"진경",1
"진급",1
"진단",1
"진동",1
"진료기록",1
"진보정당",1
"진성준",1
"진솔",1
"진실",5
"진의",1
"진정",1
"진짜",2
"진출",1
"질문",3
"질병",1
"질의",2
"질타",1
"집결",2
"집권",1
"집단",1
"집단감염",1
"집단폭행",1
"집안",1
"집회",6
"징역",1
"쪽방촌",1
"찌라시",1
"차관",1
"차량시위",1
"차명진",1
"차범근",1
"찬스",1
"참가",1
"참교육",1
"참사",1
"참전",1
"창업주",1
"찾는이유",1
"찾았",1
"책략",1
"책임",3
"책임론",1
"챌린지",1
"처우",1
"천민",1
"천은",1
"천재",1
"천하",1
"철부",1
"철수",1
"철퇴",1
"첩보",1
"청년",2
"청문회",2
"청소년",1
"청와대",9
"청원",2
"청장",2
"청천벽력",1
"청탁",2
"체슬리자문",1
"체질",1
"체험",1
"초대석",1
"초등학교",1
"초상집",1
"초유",1
"초조",2
"초청",2
"촛불",1
"총격",1
"총리",2
"총선출마",1
"최강",3
"최강일",1
"최고",1
"최고조",1
"최광",1
"최다",1
"최대",3
"최선",2
"최소",1
"최악",2
"최애",1
"최우",1
"최인호",1
"최종환",1
"최첨단",1
"최초",2
"최형",1
"추가",1
"추미",1
"추미애",49
"추석",3
"추월",1
"추적",1
"축구",1
"축출",1
"출국",1
"출근",2
"출마",1
"출발",2
"출소",1
"출신",1
"출연",1
"출연료",1
"출현",1
"충격",2
"충전기",1
"취소",2
"취역",1
"취재",3
"취재열기",1
"치료",1
"치어리더",1
"치킨",1
"친구",7
"친문",1
"親文",1
"친위대",1
"친일파",1
"침묵",2
"침뱉고",1
"카리스마",1
"카불",1
"카카오",6
"카카오ᆞ네이버",1
"카톡",2
"카투사",3
"칼국수",1
"칼럼",1
"칼빼",1
"캄보디아",1
"캐비",1
"캔슬코리아",1
"커멀라",1
"컴퓨터",1
"코드",1
"코로",1
"코로나",2
"코로나19",2
"코리안",2
"코메디",1
"코스",2
"쿠데타",3
"쿨내",1
"퀄리티",1
"크게놀란",1
"크로스",1
"크리스",1
"큰소리",1
"큰일",1
"클라우드",1
"클리핑",9
"클립",1
"키우",1
"타살",1
"타워",1
"타이어",1
"타이어뱅크",1
"탈북자",1
"탈옥",1
"탈출구",1
"탐사",1
"탐사대",5
"탑승",1
"탕수육",1
"태영호",1
"태주",1
"태풍",13
"택배",1
"테러",2
"테스트",1
"테슬라",2
"텍스트",1
"텐텐",18
"텐텐뉴스_",1
"텐텐뉴스_검찰은",1
"텐텐뉴스_경제성장",1
"토론",3
"토론토",2
"토론회",1
"토사구팽",1
"토요",3
"토요일",5
"토크",7
"통신비",1
"통장",1
"통제불능",1
"통합",10
"통화",4
"퇴근",1
"퇴진",1
"투데이",2
"투입",1
"투자",6
"투자자",1
"투자전략",1
"투쟁",1
"트럼프",3
"트로트",1
"트릭",1
"특검",1
"특별",9
"특보",5
"특사",1
"특수",1
"특종",1
"특집",3
"특집LIVE",1
"특혜",3
"파괴",2
"파리",1
"파묘",1
"파벌",1
"파산",1
"파악",2
"파업",1
"파이터",7
"파장",1
"판사",1
"판정",1
"패밀",1
"팩폭",2
"퍼레이",1
"펜션",1
"펜앤뉴스",5
"펜앤초대석",1
"펜앤현장",1
"편지",1
"편집",1
"편집본",1
"편집하",1
"평범",2
"평창올림픽",1
"평화",1
"폐기",1
"폐쇄",2
"폐하",1
"포기",2
"포르쉐",1
"포상금",1
"포스코",1
"포스트잇",1
"포커",1
"포털",2
"포트",1
"포트폴리오",1
"포퓰리즘",1
"포함",1
"포항",1
"포항MB",1
"폭격기",1
"폭동",1
"폭등",1
"폭락",2
"폭로전",1
"폭발",4
"폭발적",1
"폭염",1
"폭탄",2
"폭행",1
"표고",1
"표창",1
"프랑스",1
"프레스",1
"피디",2
"피똥싸는",1
"피살",1
"피의자",1
"피해자",1
"핀대",1
"필요",3
"하게",3
"하겠",1
"하나",2
"하다",3
"하라",5
"하락",3
"하려",1
"하루",2
"하세",1
"하시",1
"하이",7
"하자",3
"하지",2
"하태경",4
"하토야마",1
"하트",1
"학생",1
"한가",2
"한경",1
"한국",21
"한국경제T",3
"한국경제TV뉴",1
"한국어",1
"한국어과",1
"한국인",2
"한국형",1
"한글",2
"한기총",1
"한기호",1
"한동훈",1
"한류",1
"한마디",1
"한문",2
"한미",2
"한반도",3
"한밤",7
"한방",1
"한복판",1
"한상혁",3
"한준희",2
"한파",1
"한화",1
"할말했",1
"함성",1
"합동",1
"합리",1
"합의",3
"항모",1
"항복",1
"항서",1
"항의",1
"해결",1
"해라",1
"해명",1
"해법",3
"해보",1
"해외",2
"해운대",1
"해치웁시",1
"핵무기",1
"행보",2
"행사",2
"행안부X문방구T",1
"향년",1
"허락",2
"허위사실",1
"헌병대장",1
"헝다그룹",1
"헤프닝",1
"현근택vs전주혜",1
"현금",1
"현대",1
"현상황",1
"현장",5
"현장취재",4
"현지",1
"현황",1
"협치",2
"협회장",1
"형사",1
"형제",1
"혜민스님",1
"호법",1
"호투",1
"혼자",2
"홀딩스",1
"홍남기",1
"홍문표",1
"홍사",1
"홍석준",1
"홍석현",1
"홍세",1
"홍수",5
"홍수피해",1
"홍영표",1
"홍옥",1
"홍준",1
"홍준표",3
"홍콩",1
"화마",1
"화반",1
"화상",1
"화요일",1
"화웨이",1
"화전",1
"화폐",1
"확보",1
"확산",2
"확실",1
"확정",2
"확진",2
"확진자",6
"환경미화원",1
"환의",2
"환호",2
"활동",1
"황교",2
"황교안",1
"황병진",1
"황보",2
"황제",2
"황태순",1
"황해도",1
"황희",1
"회동",1
"회복",2
"회복되었습니",1
"회의",2
"회장",8
"횡령",1
"효도",1
"후과",1
"후반",2
"후보",1
"후쿠시마",1
"훈의",1
"훈장",1
"훼손",1
"휴가",7
"휴대",2
"휴진",1
"흑서",1
"흔적",1
"흥신소",1
"희망",2
"희한",1
"ㅣ그알",1
